{
    "isEnum": true,
    "isOverridable": true,
    "automatedExpansion": false,
    "name": "WebService",
    "entries": [
        {
            "synonyms": [],
            "value": "YouTube"
        },
        {
            "synonyms": [],
            "value": "TV Tropes"
        },
        {
            "synonyms": [],
            "value": "Skype"
        },
        {
            "synonyms": [],
            "value": "Gmail"
        },
        {
            "synonyms": [],
            "value": "Google"
        },
        {
            "synonyms": [],
            "value": "last.fm"
        },
        {
            "synonyms": [],
            "value": "wordpress.com"
        },
        {
            "synonyms": [],
            "value": "Yahoo!Calendar"
        },
        {
            "synonyms": [],
            "value": "Google Calendar"
        },
        {
            "synonyms": [],
            "value": "RunKeeper"
        },
        {
            "synonyms": [],
            "value": "Google Calender"
        },
        {
            "synonyms": [],
            "value": "Twitter"
        },
        {
            "synonyms": [],
            "value": "Echofon"
        },
        {
            "synonyms": [],
            "value": "Google Reader"
        },
        {
            "synonyms": [],
            "value": "Bugmenot"
        },
        {
            "synonyms": [],
            "value": "Google Groups"
        },
        {
            "synonyms": [],
            "value": "Veoh"
        },
        {
            "synonyms": [],
            "value": "Youtube"
        },
        {
            "synonyms": [],
            "value": "Mint"
        },
        {
            "synonyms": [],
            "value": "LinkedIn"
        },
        {
            "synonyms": [],
            "value": "Experts Exchange"
        },
        {
            "synonyms": [],
            "value": "Ohloh"
        },
        {
            "synonyms": [],
            "value": "MySpace"
        },
        {
            "synonyms": [],
            "value": "Harvest"
        }
    ]
}